代码,简称,日期,前收盘价(元),开盘价(元),最高价(元),最低价(元),收盘价(元),成交量(股),成交金额(元),涨跌(元),涨跌幅(%),均价(元),换手率(%),A股流通市值(元),B股流通市值(元),总市值(元),A股流通股本(股),B股流通股本(股),总股本(股),市盈率,市净率,市销率,市现率,
300482.SZ,万孚生物,2015-06-30,N/A,10.4328,11.4791,10.4328,11.4791,5401,124431.9,N/A,N/A,23.0387,0.0245,506880000,N/A,2027520000,22000000,0,88000000,20.6124,6.4688,5.5488,41.9682,
300482.SZ,万孚生物,2015-07-01,11.4791,12.625,12.625,12.625,12.625,500,12670,1.1459,9.9826,25.34,0.0023,557480000,N/A,2229920000,22000000,0,88000000,22.6701,7.1145,6.1028,46.1577,
300482.SZ,万孚生物,2015-07-02,12.625,13.8855,13.8855,13.8855,13.8855,8900,248043,1.2605,9.9842,27.87,0.0405,613140000,N/A,2452560000,22000000,0,88000000,24.9335,7.8249,6.7121,50.7662,
300482.SZ,万孚生物,2015-07-03,13.8855,15.2756,15.2756,15.2756,15.2756,24500,751170,1.39,10.0108,30.66,0.1114,674520000,N/A,2698080000,22000000,0,88000000,27.4295,8.6082,7.384,55.8483,
300482.SZ,万孚生物,2015-07-06,15.2756,16.8051,16.8051,16.8051,16.8051,25900,873607,1.5295,10.013,33.73,0.1177,742060000,N/A,2968240000,22000000,0,88000000,30.1761,9.4701,8.1234,61.4404,
300482.SZ,万孚生物,2015-07-07,16.8051,18.4841,18.4841,18.4841,18.4841,398476,14783459.6,1.679,9.9911,37.1,1.8113,816200000,N/A,3264800000,22000000,0,88000000,33.191,10.4163,8.935,67.579,
300482.SZ,万孚生物,2015-07-08,18.4841,20.3325,20.3325,19.5304,20.3325,8859233,361346411.3,1.8484,10,40.7876,40.2692,897820000,N/A,3591280000,22000000,0,88000000,36.5101,11.4579,9.8285,74.3369,
300482.SZ,万孚生物,2015-07-09,20.3325,22.3653,22.3653,22.3653,22.3653,354125,15896671.3,2.0328,9.9975,44.89,1.6097,987580000,N/A,3950320000,22000000,0,88000000,40.1602,12.6034,10.8111,81.7688,
300482.SZ,万孚生物,2015-07-10,22.3653,24.6023,24.6023,24.6023,24.6023,9400,464172,2.237,10.0022,49.38,0.0427,1086360000,N/A,4345440000,22000000,0,88000000,44.1771,13.8641,11.8924,89.9474,
300482.SZ,万孚生物,2015-07-13,24.6023,27.0635,27.0635,27.0635,27.0635,5501,298814.3,2.4612,10.0041,54.32,0.025,1195040000,N/A,4780160000,22000000,0,88000000,48.5966,15.251,13.0821,98.9458,
300482.SZ,万孚生物,2015-07-14,27.0635,29.7689,29.7689,29.7689,29.7689,10600,633350,2.7054,9.9963,59.75,0.0482,1314500000,N/A,5258000000,22000000,0,88000000,53.4545,16.7756,14.3899,108.8368,
300482.SZ,万孚生物,2015-07-15,29.7689,32.7483,32.7483,32.7483,32.7483,85984,5651728.3,2.9794,10.0084,65.73,0.3908,1446060000,N/A,5784240000,22000000,0,88000000,58.8044,18.4545,15.8301,119.7296,
300482.SZ,万孚生物,2015-07-16,32.7483,32.3347,36.0216,30.9048,36.0216,12880068,878356641.7,3.2733,9.9954,68.195,58.5458,1590600000,N/A,6362400000,22000000,0,88000000,64.6822,20.2992,17.4123,131.6971,
300482.SZ,万孚生物,2015-07-17,36.0216,34.8757,39.6238,34.3127,39.6238,11368020,846968759.4,3.6022,10,74.5045,51.6728,1749660000,N/A,6998640000,22000000,0,88000000,71.1504,22.3291,19.1536,144.8668,
300482.SZ,万孚生物,2015-07-20,39.6238,39.3597,43.2359,37.6558,38.8814,10505475,847971884.9,-0.7424,-1.8735,80.7171,47.7522,1716880000,N/A,6867520000,22000000,0,88000000,69.8174,21.9107,18.7947,142.1527,
300482.SZ,万孚生物,2015-07-21,38.8814,36.8785,42.2893,36.4202,40.8544,8095571,638537575.7,1.973,5.0743,78.8749,36.7981,1804000000,N/A,7216000000,22000000,0,88000000,73.3601,23.0226,19.7484,149.366,
300482.SZ,万孚生物,2015-07-22,40.8544,40.0522,43.1462,39.8579,42.4985,7241175,603515786.8,1.6441,4.0244,83.345,32.9144,1876600000,N/A,7506400000,22000000,0,88000000,76.3124,23.9491,20.5432,155.377,
300482.SZ,万孚生物,2015-07-23,42.4985,43.0964,46.7484,42.9868,46.7484,4089304,368259509.4,4.2499,10,90.0543,18.5877,2064260000,N/A,8257040000,22000000,0,88000000,83.9437,26.344,22.5975,170.9147,
300482.SZ,万孚生物,2015-07-24,46.7484,49.8124,51.4217,48.4174,50.8189,9146508,930951549.5,4.0705,8.7072,101.7822,41.575,2244000000,N/A,8976000000,22000000,0,88000000,91.2529,28.6378,24.5651,185.7967,
300482.SZ,万孚生物,2015-07-27,50.8189,48.8758,54.2865,45.737,45.742,8564708,867519572,-5.0769,-9.9902,101.29,38.9305,2019820000,N/A,8079280000,22000000,0,88000000,82.1365,25.7768,22.111,167.2352,
300482.SZ,万孚生物,2015-07-28,45.742,42.8523,50.3156,41.3028,50.3156,8115288,759670467.7,4.5737,9.9989,93.6098,36.8877,2221780000,N/A,8887120000,22000000,0,88000000,90.3493,28.3542,24.3219,183.9569,
300482.SZ,万孚生物,2015-07-29,50.3156,51.3171,55.3377,45.3384,54.6502,8532203,850218980,4.3345,8.6147,99.6482,38.7827,2413180000,N/A,9652720000,22000000,0,88000000,98.1326,30.7969,26.4172,199.8043,
300482.SZ,万孚生物,2015-07-30,54.6502,52.5626,57.2958,49.8224,49.9818,7071226,756826113.3,-4.6684,-8.5423,107.029,32.1419,2207040000,N/A,8828160000,22000000,0,88000000,89.7499,28.1661,24.1605,182.7365,
300482.SZ,万孚生物,2015-07-31,49.9818,48.0786,51.8053,45.4928,46.838,5189939,506907352.8,-3.1438,-6.2899,97.6712,23.5906,2068220000,N/A,8272880000,22000000,0,88000000,84.1047,26.3945,22.6409,171.2426,
300482.SZ,万孚生物,2015-08-03,46.838,44.8501,46.7533,42.1547,42.1747,4728798,414553649.7,-4.6634,-9.9564,87.6658,21.4945,1862300000,N/A,7449200000,22000000,0,88000000,75.7309,23.7666,20.3867,154.193,
300482.SZ,万孚生物,2015-08-04,42.1747,42.349,45.2288,42.2893,45.0843,4964290,437084504.8,2.9096,6.899,88.0457,22.565,1990780000,N/A,7963120000,22000000,0,88000000,80.9556,25.4062,21.7931,164.8308,
300482.SZ,万孚生物,2015-08-05,45.0843,44.3419,46.2601,42.9419,44.5911,4823448,432831898,-0.4932,-1.094,89.735,21.9248,1969000000,N/A,7876000000,22000000,0,88000000,80.0699,25.1283,21.5547,163.0275,
300482.SZ,万孚生物,2015-08-06,44.5911,42.5284,43.9882,40.8594,41.3725,3807223,324771544.5,-3.2185,-7.2179,85.3041,17.3056,1826880000,N/A,7307520000,22000000,0,88000000,74.2906,23.3145,19.9989,151.2604,
300482.SZ,万孚生物,2015-08-07,41.3725,41.8309,45.5078,41.6814,45.3384,4572070,404002785.6,3.9659,9.5857,88.3632,20.7821,2002000000,N/A,8008000000,22000000,0,88000000,81.4119,25.5494,21.916,165.7598,
300482.SZ,万孚生物,2015-08-10,45.3384,45.3384,49.5185,44.4017,48.1882,4172682,391637931.4,2.8498,6.2857,93.8576,18.9667,2127840000,N/A,8511360000,22000000,0,88000000,86.5292,27.1554,23.2935,176.179,
300482.SZ,万孚生物,2015-08-11,48.1882,47.5256,49.5783,47.2117,48.1534,3170134,308810493.1,-0.0349,-0.0724,97.4124,14.4097,2126300000,N/A,8505200000,22000000,0,88000000,86.4666,27.1357,23.2767,176.0515,
300482.SZ,万孚生物,2015-08-12,48.1534,46.838,49.6281,45.3484,47.2864,3576771,340347518.1,-0.8669,-1.8003,95.155,16.258,2088020000,N/A,8352080000,22000000,0,88000000,84.9099,26.6472,22.8576,172.882,
300482.SZ,万孚生物,2015-08-13,47.2864,46.1256,48.2729,45.4231,47.2566,2252393,211418399.2,-0.0299,-0.0632,93.8639,10.2381,2086700000,N/A,8346800000,22000000,0,88000000,84.8562,26.6304,22.8432,172.7727,
300482.SZ,万孚生物,2015-08-14,47.2566,47.6751,49.5783,46.8331,46.9576,2627708,254972240.1,-0.2989,-0.6326,97.0322,11.9441,2073500000,N/A,8294000000,22000000,0,88000000,84.3194,26.4619,22.6987,171.6798,
300482.SZ,万孚生物,2015-08-17,46.9576,45.4779,45.6871,43.4152,43.5946,2906741,258092006.1,-3.363,-7.1618,88.7909,13.2125,1925000000,N/A,7700000000,22000000,0,88000000,78.2806,24.5667,21.073,159.3844,
300482.SZ,万孚生物,2015-08-18,43.5946,43.5946,45.2886,39.6487,40.8444,3081217,263647139,-2.7502,-6.3086,85.5659,14.0055,1803560000,N/A,7214240000,22000000,0,88000000,73.3422,23.0169,19.7436,149.3295,
300482.SZ,万孚生物,2015-08-19,40.8444,39.6088,41.4473,37.5312,41.0138,2924165,233863526.6,0.1694,0.4147,79.9762,13.2917,1811040000,N/A,7244160000,22000000,0,88000000,73.6464,23.1124,19.8255,149.9489,
300482.SZ,万孚生物,2015-08-20,41.0138,39.8579,40.8544,38.8914,38.8914,1526731,122113922.2,-2.1224,-5.1749,79.9839,6.9397,1717320000,N/A,6869280000,22000000,0,88000000,69.8353,21.9163,18.7996,142.1891,
300482.SZ,万孚生物,2015-08-21,38.8914,37.8401,38.2088,35.3839,35.3839,3067244,226383194.7,-3.5075,-9.0187,73.8067,13.942,1562440000,N/A,6249760000,22000000,0,88000000,63.537,19.9398,17.1041,129.3655,
300482.SZ,万孚生物,2015-08-24,35.3839,33.381,33.8643,31.8465,31.8465,2463540,160473927.1,-3.5374,-9.9972,65.1396,11.1979,1406240000,N/A,5624960000,22000000,0,88000000,57.1851,17.9464,15.3942,116.4326,
300482.SZ,万孚生物,2015-08-25,31.8465,30.292,35.0301,30.1924,33.959,6589018,448295170.7,2.1125,6.6333,68.0367,29.9501,1499520000,N/A,5998080000,22000000,0,88000000,60.9784,19.1368,16.4153,124.1559,
300482.SZ,万孚生物,2015-08-26,33.959,33.7049,37.3568,32.3846,35.8871,7195327,511376610.4,1.9281,5.6778,71.0707,32.706,1584660000,N/A,6338640000,22000000,0,88000000,64.4406,20.2233,17.3473,131.2052,
300482.SZ,万孚生物,2015-08-27,35.8871,36.5696,37.2074,33.0671,36.3704,5868442,420055593,0.4833,1.3467,71.5787,26.6747,1606000000,N/A,6424000000,22000000,0,88000000,65.3084,20.4957,17.5809,132.9721,
300482.SZ,万孚生物,2015-08-28,36.3704,35.8721,38.0294,34.9255,37.581,4868782,354648513.2,1.2107,3.3288,72.8413,22.1308,1659460000,N/A,6637840000,22000000,0,88000000,67.4824,21.1779,18.1662,137.3985,
300482.SZ,万孚生物,2015-08-31,37.581,36.3953,36.744,33.8244,33.8244,3812779,266131799.4,-3.7566,-9.996,69.8,17.3308,1493580000,N/A,5974320000,22000000,0,88000000,60.7368,19.061,16.3503,123.6641,
300482.SZ,万孚生物,2015-09-01,33.8244,32.4493,32.9775,30.4415,30.4415,3069853,193822212.4,-3.3829,-10.0015,63.1373,13.9539,1344200000,N/A,5376800000,22000000,0,88000000,54.6622,17.1546,14.715,111.2959,
300482.SZ,万孚生物,2015-09-02,30.4415,28.8372,33.4856,28.3938,30.6906,4634814,295833392.3,0.2491,0.8183,63.8285,21.0673,1355200000,N/A,5420800000,22000000,0,88000000,55.1096,17.295,14.8354,112.2066,
300482.SZ,万孚生物,2015-09-07,30.6906,31.3881,33.107,31.2187,31.8664,3132148,202058884.2,1.1758,3.8312,64.5113,14.237,1407120000,N/A,5628480000,22000000,0,88000000,57.2209,17.9576,15.4038,116.5054,
300482.SZ,万孚生物,2015-09-08,31.8664,31.1938,35.055,30.9796,35.055,4012992,271947269.1,3.1886,10.0063,67.7667,18.2409,1547920000,N/A,6191680000,22000000,0,88000000,62.9466,19.7545,16.9451,128.1633,
300482.SZ,万孚生物,2015-09-09,35.055,36.0216,36.9931,35.0501,36.1262,4883055,352532604.8,1.0712,3.0557,72.1951,22.1957,1595220000,N/A,6380880000,22000000,0,88000000,64.87,20.3581,17.4629,132.0796,
300482.SZ,万孚生物,2015-09-10,36.1262,34.8358,35.922,34.6266,34.8757,2487118,176244277.7,-1.2505,-3.4616,70.8629,11.3051,1540000000,N/A,6160000000,22000000,0,88000000,62.6245,19.6534,16.8584,127.5075,
300482.SZ,万孚生物,2015-09-11,34.8757,34.9255,35.7227,34.6814,35.4636,1976215,139754425.4,0.5879,1.6857,70.7182,8.9828,1565960000,N/A,6263840000,22000000,0,88000000,63.6802,19.9847,17.1426,129.6569,
300482.SZ,万孚生物,2015-09-14,35.4636,35.5134,35.6728,31.9162,31.9162,2477649,166059897.9,-3.5474,-10.0028,67.0232,11.262,1409320000,N/A,5637280000,22000000,0,88000000,57.3104,17.9857,15.4279,116.6876,
300482.SZ,万孚生物,2015-09-15,31.9162,30.8251,33.0621,30.297,31.3981,2239783,142870162.9,-0.5182,-1.6235,63.7875,10.1808,1386440000,N/A,5545760000,22000000,0,88000000,56.3799,17.6937,15.1774,114.7932,
300482.SZ,万孚生物,2015-09-16,31.3981,31.7867,34.5369,31.6372,34.5369,3129482,208398171.8,3.1388,9.9968,66.5919,14.2249,1525040000,N/A,6100160000,22000000,0,88000000,62.0162,19.4625,16.6947,126.2689,
300482.SZ,万孚生物,2015-09-17,34.5369,34.6266,36.9682,33.6799,34.5219,3736681,263444898.7,-0.0149,-0.0433,70.5024,16.9849,1524380000,N/A,6097520000,22000000,0,88000000,61.9893,19.4541,16.6874,126.2142,
300482.SZ,万孚生物,2015-09-18,34.5219,34.9255,35.8373,33.9041,35.4885,2583567,181880843.8,0.9666,2.7998,70.3991,11.7435,1567060000,N/A,6268240000,22000000,0,88000000,63.7249,19.9987,17.1547,129.748,
300482.SZ,万孚生物,2015-09-21,35.4885,34.8757,38.9163,34.6266,38.6024,3265411,244067538.2,3.1139,8.7744,74.7433,14.8428,1704560000,N/A,6818240000,22000000,0,88000000,69.3164,21.7535,18.6599,141.1326,
300482.SZ,万孚生物,2015-09-22,38.6024,38.6871,40.2565,37.865,39.0259,3649989,285467031.2,0.4235,1.0971,78.2104,16.5909,1723260000,N/A,6893040000,22000000,0,88000000,70.0768,21.9922,18.8646,142.6809,
300482.SZ,万孚生物,2015-09-23,39.0259,38.0643,39.7932,37.865,39.0608,3422783,267694596.4,0.0349,0.0894,78.2096,15.5581,1724800000,N/A,6899200000,22000000,0,88000000,70.1394,22.0118,18.8814,142.8084,
300482.SZ,万孚生物,2015-09-24,39.0608,39.3597,41.0437,38.2636,39.2999,2990306,238709014.9,0.2391,0.6122,79.8276,13.5923,1735360000,N/A,6941440000,22000000,0,88000000,70.5689,22.1466,18.997,143.6828,
300482.SZ,万孚生物,2015-09-25,39.2999,38.9512,39.2501,36.3704,36.7191,2809863,211644147.3,-2.5808,-6.5669,75.3219,12.7721,1621400000,N/A,6485600000,22000000,0,88000000,65.9347,20.6922,17.7495,134.2472,
300482.SZ,万孚生物,2015-09-28,36.7191,36.9583,40.391,36.7689,40.391,3098214,240938960.6,3.6719,10,77.767,14.0828,1783540000,N/A,7134160000,22000000,0,88000000,72.5281,22.7614,19.5245,147.6719,
300482.SZ,万孚生物,2015-09-29,40.391,39.3597,41.0038,38.4679,39.554,2552488,203503829.2,-0.837,-2.0723,79.7276,11.6022,1746580000,N/A,6986320000,22000000,0,88000000,71.0251,22.2898,19.1199,144.6117,
300482.SZ,万孚生物,2015-09-30,39.554,39.9077,40.6003,38.2736,39.6537,2247717,178625507.7,0.0996,0.2519,79.4697,10.2169,1750980000,N/A,7003920000,22000000,0,88000000,71.2041,22.3459,19.168,144.9761,
300482.SZ,万孚生物,2015-10-08,39.6537,41.3526,42.7476,40.6451,41.5718,2291409,192922750.1,1.9182,4.8373,84.1939,10.4155,1835680000,N/A,7342720000,22000000,0,88000000,74.6484,23.4269,20.0952,151.989,
300482.SZ,万孚生物,2015-10-09,41.5718,41.2679,42.2494,40.9939,41.8508,1736976,145266024.5,0.279,0.6711,83.6316,7.8953,1848000000,N/A,7392000000,22000000,0,88000000,75.1494,23.5841,20.2301,153.009,
300482.SZ,万孚生物,2015-10-12,41.8508,42.4387,44.4565,42.3889,43.3455,2766686,241105956.9,1.4947,3.5714,87.1461,12.5758,1914000000,N/A,7656000000,22000000,0,88000000,77.8333,24.4264,20.9526,158.4736,
300482.SZ,万孚生物,2015-10-13,43.3455,42.8273,43.7391,42.5882,42.8473,1780711,153658203.1,-0.4982,-1.1494,86.2904,8.0941,1892000000,N/A,7568000000,22000000,0,88000000,76.9387,24.1456,20.7118,156.6521,
300482.SZ,万孚生物,2015-10-14,42.8473,42.4985,44.1427,42.349,42.6579,1863793,161190369.1,-0.1893,-0.4419,86.4851,8.4718,1883640000,N/A,7534560000,22000000,0,88000000,76.5987,24.0389,20.6203,155.9599,
300482.SZ,万孚生物,2015-10-15,42.6579,42.1049,44.5512,42.1049,43.9434,2459367,214589390.2,1.2854,3.0133,87.2539,11.1789,1940400000,N/A,7761600000,22000000,0,88000000,78.9069,24.7633,21.2416,160.6595,
300482.SZ,万孚生物,2015-10-16,43.9434,43.9932,44.337,42.354,43.6644,2566753,222759187.5,-0.279,-0.6349,86.7864,11.6671,1928080000,N/A,7712320000,22000000,0,88000000,78.4059,24.6061,21.1068,159.6394,
300482.SZ,万孚生物,2015-10-19,43.6644,43.3505,43.4451,41.9006,42.5832,2292485,195664044.3,-1.0811,-2.476,85.3502,10.4204,1880340000,N/A,7521360000,22000000,0,88000000,76.4645,23.9968,20.5841,155.6867,
300482.SZ,万孚生物,2015-10-20,42.5832,42.3889,43.7441,42.3889,43.4601,1912686,165826487.5,0.8769,2.0592,86.6982,8.694,1919060000,N/A,7676240000,22000000,0,88000000,78.0391,24.4909,21.008,158.8926,
300482.SZ,万孚生物,2015-10-21,43.4601,43.3256,45.5825,40.7049,40.8444,3985477,347970619.6,-2.6157,-6.0186,87.3097,18.1158,1803560000,N/A,7214240000,22000000,0,88000000,73.3422,23.0169,19.7436,149.3295,
300482.SZ,万孚生物,2015-10-22,40.8444,40.9094,42.8096,40.6044,42.4296,2655955,221901140.5,1.5852,3.881,83.5485,12.0725,1866700000,N/A,7466800000,22000000,0,88000000,75.9098,23.8227,20.4348,154.5573,
300482.SZ,万孚生物,2015-10-23,42.4296,43.4897,45.5899,43.0597,45.0149,3084008,274444392.8,2.5853,6.0931,88.9895,14.0182,1980440000,N/A,7921760000,22000000,0,88000000,80.5351,25.2743,21.6799,163.9747,
300482.SZ,万孚生物,2015-10-26,45.0149,45.0599,46.7201,44.3598,45.3349,3194659,290451519.9,0.32,0.711,90.9178,14.5212,1994520000,N/A,7978080000,22000000,0,88000000,81.1077,25.454,21.8341,165.1405,
300482.SZ,万孚生物,2015-10-27,45.3349,44.8799,49.8704,43.2947,48.5052,3728608,347867863.1,3.1703,6.9932,93.297,16.9482,2134000000,N/A,8536000000,22000000,0,88000000,86.7797,27.234,23.361,176.689,
300482.SZ,万孚生物,2015-10-28,48.5052,47.6452,48.4452,45.2549,45.5949,2756484,258407234.1,-2.9103,-6,93.7452,12.5295,2005960000,N/A,8023840000,22000000,0,88000000,81.5729,25.6,21.9593,166.0877,
300482.SZ,万孚生物,2015-10-29,45.5949,46.255,47.4151,45.3849,46.03,1703332,157780529.1,0.435,0.9542,92.6305,7.7424,2025100000,N/A,8100400000,22000000,0,88000000,82.3512,25.8442,22.1688,167.6724,
300482.SZ,万孚生物,2015-10-30,46.03,47.0051,49.8804,46.005,48.4302,2630728,253709842,2.4003,5.2146,96.4409,11.9579,2130700000,N/A,8522800000,22000000,0,88000000,86.6455,27.1919,23.3248,176.4158,
300482.SZ,万孚生物,2015-11-02,48.4302,46.505,53.2758,46.245,51.6956,4079545,422745648.6,3.2654,6.7424,103.6257,18.5434,2274360000,N/A,9097440000,22000000,0,88000000,92.4874,29.0253,24.8975,188.3104,
300482.SZ,万孚生物,2015-11-03,51.6956,51.1805,54.0708,50.8605,52.5907,3015008,316759164.4,0.8951,1.7315,105.0608,13.7046,2313740000,N/A,9254960000,22000000,0,88000000,94.0888,29.5278,25.3286,191.571,
300482.SZ,万孚生物,2015-11-04,52.5907,52.3157,55.9911,51.9056,55.061,2353155,253669193.8,2.4703,4.6972,107.7996,10.6962,2422420000,N/A,9689680000,22000000,0,88000000,98.5083,30.9148,26.5183,200.5693,
300482.SZ,万孚生物,2015-11-05,55.061,55.256,57.7562,52.5107,54.7309,2695799,298680727.4,-0.33,-0.5994,110.7949,12.2536,2407900000,N/A,9631600000,22000000,0,88000000,97.9179,30.7295,26.3594,199.3671,
300482.SZ,万孚生物,2015-11-06,54.7309,54.4309,60.0115,54.1159,60.0115,2390233,273490067.8,5.2806,9.6482,114.4198,10.8647,2640220000,N/A,10560880000,22000000,0,88000000,107.3652,33.6943,28.9026,218.6025,
300482.SZ,万孚生物,2015-11-09,60.0115,59.5164,65.2571,58.1713,62.1117,2785844,342936223.8,2.1002,3.4997,123.0996,12.6629,2732620000,N/A,10930480000,22000000,0,88000000,111.1227,34.8736,29.9141,226.253,
300482.SZ,万孚生物,2015-11-10,62.1117,61.0116,63.4469,59.0064,62.1667,2234894,274673760.8,0.055,0.0886,122.9024,10.1586,2735040000,N/A,10940160000,22000000,0,88000000,111.2211,34.9044,29.9406,226.4534,
300482.SZ,万孚生物,2015-11-11,62.1667,62.3467,68.3824,62.3367,68.3824,2602909,344755620.6,6.2157,9.9984,132.4501,11.8314,3008500000,N/A,12034000000,22000000,0,88000000,122.3414,38.3943,32.9341,249.0951,
300482.SZ,万孚生物,2015-11-12,68.3824,69.5075,71.2577,66.6772,69.8976,2922456,402145988.5,1.5152,2.2157,137.6055,13.2839,3075160000,N/A,12300640000,22000000,0,88000000,125.0522,39.245,33.6639,254.6143,
300482.SZ,万孚生物,2015-11-13,69.8976,68.0074,69.2525,62.9068,62.9068,3516307,452837290.2,-6.9908,-10.0014,128.7821,15.9832,2767600000,N/A,11070400000,22000000,0,88000000,112.5452,35.32,30.297,229.1492,
300482.SZ,万孚生物,2015-11-16,62.9068,59.5064,62.5068,58.4563,61.7267,2206118,268441570.6,-1.1801,-1.876,121.6805,10.0278,2715680000,N/A,10862720000,22000000,0,88000000,110.4338,34.6574,29.7286,224.8504,
300482.SZ,万孚生物,2015-11-17,61.7267,62.2567,64.502,58.7564,58.7814,2347621,291759362.4,-2.9453,-4.7715,124.2787,10.671,2586100000,N/A,10344400000,22000000,0,88000000,105.1644,33.0037,28.3101,214.1216,
300482.SZ,万孚生物,2015-11-18,58.7814,59.0064,61.9067,56.5061,58.7564,2308755,272169044.1,-0.025,-0.0425,117.8856,10.4943,2585000000,N/A,10340000000,22000000,0,88000000,105.1197,32.9896,28.2981,214.0305,
300482.SZ,万孚生物,2015-11-19,58.7564,59.5064,64.632,59.5064,64.632,2484787,310695815,5.8756,10,125.0392,11.2945,2843500000,N/A,11374000000,22000000,0,88000000,115.6317,36.2886,31.1279,235.4335,
300482.SZ,万孚生物,2015-11-20,64.632,66.0071,71.0077,65.007,68.7574,3257468,442922387.2,4.1254,6.383,135.9714,14.8067,3025000000,N/A,12100000000,22000000,0,88000000,123.0124,38.6049,33.1148,250.4612,
300482.SZ,万孚生物,2015-11-23,68.7574,67.9023,72.1378,65.5071,67.1073,2920321,402614498.1,-1.6502,-2.4,137.8665,13.2742,2952400000,N/A,11809600000,22000000,0,88000000,120.0601,37.6784,32.32,244.4501,
300482.SZ,万孚生物,2015-11-24,67.1073,67.0572,73.818,67.0122,73.818,3451956,494568000.2,6.7107,10,143.2718,15.6907,3247640000,N/A,12990560000,22000000,0,88000000,132.0661,41.4462,35.552,268.8951,
300482.SZ,万孚生物,2015-11-25,73.818,75.4982,75.9982,72.0028,74.008,3307051,486921523.8,0.19,0.2574,147.2374,15.032,3256000000,N/A,13024000000,22000000,0,88000000,132.4061,41.5529,35.6435,269.5873,
300482.SZ,万孚生物,2015-11-26,74.008,73.0079,77.0083,71.5577,72.1578,2522237,372873189.6,-1.8502,-2.5,147.8343,11.4647,3174600000,N/A,12698400000,22000000,0,88000000,129.0959,40.5141,34.7524,262.8477,
300482.SZ,万孚生物,2015-11-27,72.1578,71.0077,73.4079,67.0172,70.8077,2883376,405220637.3,-1.3501,-1.8711,140.5369,13.1063,3115200000,N/A,12460800000,22000000,0,88000000,126.6804,39.756,34.1022,257.9295,
300482.SZ,万孚生物,2015-11-30,70.8077,70.8577,76.7583,69.0075,75.7132,3514426,509942238.1,4.9055,6.928,145.0997,15.9747,3331020000,N/A,13324080000,22000000,0,88000000,135.4568,42.5103,36.4648,275.7988,
300482.SZ,万孚生物,2015-12-01,75.7132,74.008,74.5081,68.1424,68.1424,3692455,522532438.4,-7.5708,-9.9993,141.5136,16.7839,2997940000,N/A,11991760000,22000000,0,88000000,121.912,38.2596,32.8185,248.2207,
300482.SZ,万孚生物,2015-12-02,68.1424,65.007,66.9472,61.3266,63.5569,2919182,370490821.3,-4.5855,-6.7293,126.916,13.269,2796200000,N/A,11184800000,22000000,0,88000000,113.7082,35.685,30.6101,231.5172,
300482.SZ,万孚生物,2015-12-03,63.5569,64.837,66.8422,64.0069,65.5571,1821812,239410755.1,2.0002,3.1471,131.4135,8.281,2884200000,N/A,11536800000,22000000,0,88000000,117.2868,36.808,31.5734,238.8034,
300482.SZ,万孚生物,2015-12-04,65.5571,65.5071,66.7972,62.3667,64.1069,2126837,275525084.8,-1.4502,-2.2121,129.5469,9.6674,2820400000,N/A,11281600000,22000000,0,88000000,114.6923,35.9938,30.875,233.5209,
300482.SZ,万孚生物,2015-12-07,64.1069,63.6019,65.2571,62.0067,64.502,1612310,205371740.1,0.395,0.6162,127.3773,7.3287,2837780000,N/A,11351120000,22000000,0,88000000,115.3991,36.2156,31.0653,234.9599,
300482.SZ,万孚生物,2015-12-08,64.502,64.432,68.1424,63.7869,66.4122,2314110,307139510.8,1.9102,2.9615,132.7247,10.5187,2921820000,N/A,11687280000,22000000,0,88000000,118.8166,37.2881,31.9853,241.9182,
300482.SZ,万孚生物,2015-12-09,66.4122,65.4071,67.0072,60.7666,61.6917,2522811,317868048.7,-4.7205,-7.1079,125.9976,11.4673,2714140000,N/A,10856560000,22000000,0,88000000,110.3712,34.6377,29.7118,224.7229,
300482.SZ,万孚生物,2015-12-10,61.6917,61.5066,62.4017,59.3564,60.9616,1739124,212025937.1,-0.7301,-1.1834,121.9154,7.9051,2682020000,N/A,10728080000,22000000,0,88000000,109.0651,34.2278,29.3602,222.0635,
300482.SZ,万孚生物,2015-12-11,60.9616,60.6966,62.5718,59.6164,60.7266,1045513,128193325,-0.235,-0.3855,122.6128,4.7523,2671680000,N/A,10686720000,22000000,0,88000000,108.6446,34.0958,29.247,221.2073,
300482.SZ,万孚生物,2015-12-14,60.7266,60.0065,64.0069,59.1564,64.0019,1482214,182333117,3.2754,5.3936,123.014,6.7373,2815780000,N/A,11263120000,22000000,0,88000000,114.5044,35.9348,30.8244,233.1384,
300482.SZ,万孚生物,2015-12-15,64.0019,63.4019,64.2069,62.4067,62.6568,1261163,159621880.3,-1.3451,-2.1017,126.5672,5.7326,2756600000,N/A,11026400000,22000000,0,88000000,112.0979,35.1796,30.1766,228.2385,
300482.SZ,万孚生物,2015-12-16,62.6568,63.0068,65.8921,62.8918,63.6819,1351081,174817730,1.0251,1.6361,129.391,6.1413,2801700000,N/A,11206800000,22000000,0,88000000,113.9319,35.7551,30.6703,231.9726,
300482.SZ,万孚生物,2015-12-17,63.6819,64.1069,66.7572,64.1069,66.6572,1799290,235814497.6,2.9753,4.6722,131.0598,8.1786,2932600000,N/A,11730400000,22000000,0,88000000,119.255,37.4257,32.1033,242.8108,
300482.SZ,万孚生物,2015-12-18,66.6572,66.4572,66.4722,64.2069,64.557,1282810,167022885.5,-2.1002,-3.1508,130.2008,5.831,2840200000,N/A,11360800000,22000000,0,88000000,115.4975,36.2465,31.0918,235.1603,
300482.SZ,万孚生物,2015-12-21,64.557,64.0519,65.5071,63.5119,64.562,784918,101280088.2,0.005,0.0077,129.0327,3.5678,2840420000,N/A,11361680000,22000000,0,88000000,115.5064,36.2493,31.0942,235.1785,
300482.SZ,万孚生物,2015-12-22,64.562,64.507,65.5071,64.0119,65.3071,822124,106724555.2,0.7451,1.1541,129.8156,3.7369,2873200000,N/A,11492800000,22000000,0,88000000,116.8394,36.6676,31.453,237.8926,
300482.SZ,万孚生物,2015-12-23,65.3071,65.3171,68.0824,65.007,65.9221,1869860,249490052,0.6151,0.9418,133.4271,8.4994,2900260000,N/A,11601040000,22000000,0,88000000,117.9398,37.013,31.7492,240.1331,
300482.SZ,万孚生物,2015-12-24,65.9221,67.0022,71.4427,66.8072,70.3176,2294743,315915946,4.3955,6.6677,137.6694,10.4307,3093640000,N/A,12374560000,22000000,0,88000000,125.8037,39.4809,33.8662,256.1444,
300482.SZ,万孚生物,2015-12-25,70.3176,69.1075,69.7575,65.207,66.6822,1918891,259478971.2,-3.6354,-5.17,135.2234,8.7222,2933700000,N/A,11734800000,22000000,0,88000000,119.2997,37.4397,32.1153,242.9018,
300482.SZ,万孚生物,2015-12-28,66.6822,65.6121,66.4522,62.5068,62.5068,1664545,214109780.4,-4.1755,-6.2617,128.6296,7.5661,2750000000,N/A,11000000000,22000000,0,88000000,111.8295,35.0954,30.1043,227.692,
300482.SZ,万孚生物,2015-12-29,62.5068,62.0517,63.1268,61.8967,62.7218,847634,106098727.1,0.215,0.344,125.1704,3.8529,2759460000,N/A,11037840000,22000000,0,88000000,112.2142,35.2161,30.2079,228.4753,
300482.SZ,万孚生物,2015-12-30,62.7218,63.2418,63.5069,61.7867,62.5118,743210,93005864.3,-0.21,-0.3348,125.1408,3.3782,2750220000,N/A,11000880000,22000000,0,88000000,111.8384,35.0982,30.1067,227.7102,
300482.SZ,万孚生物,2015-12-31,62.5118,62.6168,63.0318,60.2565,60.5665,831993,102527678.4,-1.9452,-3.1118,123.2314,3.7818,2664640000,N/A,10658560000,22000000,0,88000000,108.3583,34.006,29.1699,220.6245,
300482.SZ,万孚生物,2016-01-04,60.5665,60.5065,60.5065,54.5109,54.5109,1273601,143140264.5,-6.0557,-9.9983,112.3902,5.7891,2398220000,N/A,9592880000,22000000,0,88000000,76.5278,13.6916,22.3725,29.7983,
300482.SZ,万孚生物,2016-01-05,54.5109,50.6555,53.9658,49.1053,52.3957,1672007,173270014.6,-2.1152,-3.8804,103.63,7.6,2305160000,N/A,9220640000,22000000,0,88000000,73.5582,13.1603,21.5044,28.642,
300482.SZ,万孚生物,2016-01-06,52.3957,52.5957,54.3059,51.4056,53.8058,1294160,137515356.9,1.4102,2.6914,106.2584,5.8825,2367200000,N/A,9468800000,22000000,0,88000000,75.538,13.5145,22.0831,29.4129,
300482.SZ,万孚生物,2016-01-07,53.8058,51.5056,52.0056,48.4252,48.4252,443900,44036603.7,-5.3806,-10,99.2039,2.0177,2130480000,N/A,8521920000,22000000,0,88000000,67.9842,12.163,19.8748,26.4716,
300482.SZ,万孚生物,2016-01-08,48.4252,49.9104,50.2604,44.8298,47.4051,1816919,173471953.2,-1.0201,-2.1066,95.4759,8.2587,2085600000,N/A,8342400000,22000000,0,88000000,66.552,11.9068,19.4561,25.9139,
300482.SZ,万孚生物,2016-01-11,47.4051,45.0049,46.245,42.6646,42.6646,1475987,130719356.3,-4.7405,-10,88.564,6.709,1877040000,N/A,7508160000,22000000,0,88000000,59.8968,10.7161,17.5105,23.3225,
300482.SZ,万孚生物,2016-01-12,42.6646,43.2597,45.5299,42.6746,44.8248,1702313,150162843.8,2.1602,5.0633,88.2111,7.7378,1972080000,N/A,7888320000,22000000,0,88000000,62.9296,11.2587,18.3971,24.5034,
300482.SZ,万孚生物,2016-01-13,44.8248,45.0049,45.6299,43.1547,43.2797,1505530,134196294.7,-1.5452,-3.4471,89.1356,6.8433,1904100000,N/A,7616400000,22000000,0,88000000,60.7603,10.8706,17.763,23.6588,
300482.SZ,万孚生物,2016-01-14,43.2797,41.9995,47.3001,41.0094,46.8051,1846498,165219348.4,3.5254,8.1456,89.4771,8.3932,2059200000,N/A,8236800000,22000000,0,88000000,65.7096,11.7561,19.2099,25.5859,
300482.SZ,万孚生物,2016-01-15,46.8051,46.01,47.0901,44.0048,45.0049,1628423,149393080.2,-1.8002,-3.8462,91.741,7.4019,1980000000,N/A,7920000000,22000000,0,88000000,63.1823,11.3039,18.471,24.6018,
300482.SZ,万孚生物,2016-01-18,45.0049,44.0598,47.8052,43.7547,46.7601,1385909,128001555.8,1.7552,3.9,92.3593,6.2996,2057220000,N/A,8228880000,22000000,0,88000000,65.6464,11.7448,19.1914,25.5613,
300482.SZ,万孚生物,2016-01-19,46.7601,46.31,48.6153,45.88,48.2602,1400216,132196709.1,1.5002,3.2082,94.4117,6.3646,2123220000,N/A,8492880000,22000000,0,88000000,67.7525,12.1216,19.8071,26.3814,
300482.SZ,万孚生物,2016-01-20,48.2602,47.9002,48.4802,46.545,47.1001,1461175,138525648.7,-1.1601,-2.4039,94.8043,6.6417,2072180000,N/A,8288720000,22000000,0,88000000,66.1238,11.8302,19.3309,25.7472,
300482.SZ,万孚生物,2016-01-21,47.1001,46.9051,47.9802,44.5048,44.5048,1142443,106692277.5,-2.5953,-5.5101,93.3896,5.1929,1958000000,N/A,7832000000,22000000,0,88000000,62.4803,11.1783,18.2658,24.3285,
300482.SZ,万孚生物,2016-01-22,44.5048,46.9401,48.9303,46.505,48.1502,2540097,241300951.1,3.6454,8.191,94.9967,11.5459,2118380000,N/A,8473520000,22000000,0,88000000,67.5981,12.0939,19.7619,26.3212,
300482.SZ,万孚生物,2016-01-25,48.1502,47.8052,49.0053,47.3601,48.0052,1455376,139778719.9,-0.145,-0.3012,96.043,6.6153,2112000000,N/A,8448000000,22000000,0,88000000,67.3945,12.0575,19.7024,26.242,
300482.SZ,万孚生物,2016-01-26,48.0052,47.2551,47.8952,43.7597,43.9047,1314383,119864252.6,-4.1004,-8.5417,91.1943,5.9745,1931600000,N/A,7726400000,22000000,0,88000000,61.6379,11.0276,18.0195,24.0005,
300482.SZ,万孚生物,2016-01-27,43.9047,44.0048,47.2501,42.5046,46.7501,1552823,138703983.8,2.8453,6.4806,89.3238,7.0583,2056780000,N/A,8227120000,22000000,0,88000000,65.6324,11.7423,19.1873,25.5558,
300482.SZ,万孚生物,2016-01-28,46.7501,45.905,45.905,44.0098,44.3548,1001218,90419088.6,-2.3953,-5.1235,90.3091,4.551,1951400000,N/A,7805600000,22000000,0,88000000,62.2697,11.1406,18.2042,24.2465,
300482.SZ,万孚生物,2016-01-29,44.3548,44.7048,47.9952,44.6048,47.3801,1455929,135680988.2,3.0253,6.8207,93.192,6.6179,2084500000,N/A,8338000000,22000000,0,88000000,66.5169,11.9005,19.4459,25.9003,
300482.SZ,万孚生物,2016-02-01,47.3801,47.3801,47.9802,46.295,47.4051,996899,94100839.5,0.025,0.0528,94.3936,4.5314,2085600000,N/A,8342400000,22000000,0,88000000,66.552,11.9068,19.4561,25.9139,
300482.SZ,万孚生物,2016-02-02,47.4051,47.2551,50.4455,47.2551,49.8804,1305702,128677272.4,2.4753,5.2215,98.5503,5.935,2194500000,N/A,8778000000,22000000,0,88000000,70.0271,12.5285,20.472,27.267,
300482.SZ,万孚生物,2016-02-03,49.8804,48.9053,50.1904,48.3452,49.7854,1095261,107821822.6,-0.095,-0.1905,98.444,4.9785,2190320000,N/A,8761280000,22000000,0,88000000,69.8937,12.5046,20.4331,27.2151,
300482.SZ,万孚生物,2016-02-04,49.7854,50.0654,50.8905,49.3803,50.5205,1219663,122724408.1,0.7351,1.4765,100.6216,5.5439,2222660000,N/A,8890640000,22000000,0,88000000,70.9257,12.6893,20.7347,27.6169,
300482.SZ,万孚生物,2016-02-05,50.5205,50.1554,50.8355,48.5302,48.5653,938374,93015016.7,-1.9552,-3.8701,99.1236,4.2653,2136640000,N/A,8546560000,22000000,0,88000000,68.1807,12.1982,19.9323,26.5481,
300482.SZ,万孚生物,2016-02-15,48.5653,46.105,48.6603,46.105,48.2552,717529,68046303.1,-0.31,-0.6384,94.8342,3.2615,2123000000,N/A,8492000000,22000000,0,88000000,67.7455,12.1203,19.805,26.3786,
300482.SZ,万孚生物,2016-02-16,48.2552,48.2752,50.7455,48.2552,50.3704,1024562,102513303.3,2.1152,4.3834,100.0557,4.6571,2216060000,N/A,8864240000,22000000,0,88000000,70.715,12.6516,20.6732,27.5349,
300482.SZ,万孚生物,2016-02-17,50.3704,50.0804,51.5056,49.4153,51.5006,1132602,114027308.8,1.1301,2.2436,100.6773,5.1482,2265780000,N/A,9063120000,22000000,0,88000000,72.3016,12.9355,21.137,28.1527,
300482.SZ,万孚生物,2016-02-18,51.5006,51.3556,54.0058,51.3456,52.4807,1828444,192862287.6,0.9801,1.9031,105.4789,8.3111,2308900000,N/A,9235600000,22000000,0,88000000,73.6776,13.1816,21.5393,28.6885,
300482.SZ,万孚生物,2016-02-19,52.4807,52.0156,53.9958,51.7556,52.7557,1168472,123584349.3,0.275,0.5241,105.7658,5.3112,2321000000,N/A,9284000000,22000000,0,88000000,74.0637,13.2507,21.6521,28.8388,
300482.SZ,万孚生物,2016-02-22,52.7557,53.1557,53.6508,52.2957,52.7557,1014596,107159085.9,0,0,105.6175,4.6118,2321000000,N/A,9284000000,22000000,0,88000000,74.0637,13.2507,21.6521,28.8388,
300482.SZ,万孚生物,2016-02-23,52.7557,52.8507,53.5958,50.7605,51.3055,1178456,122593384.1,-1.4502,-2.7488,104.0288,5.3566,2257200000,N/A,9028800000,22000000,0,88000000,72.0278,12.8865,21.057,28.0461,
300482.SZ,万孚生物,2016-02-24,51.3055,51.2555,51.6956,48.3952,49.9554,1235850,123112742.8,-1.3501,-2.6316,99.6179,5.6175,2197800000,N/A,8791200000,22000000,0,88000000,70.1324,12.5474,20.5028,27.308,
300482.SZ,万孚生物,2016-02-25,49.9554,50.0054,50.2454,44.9599,44.9599,1247001,117279705.8,-4.9955,-10,94.0494,5.6682,1978020000,N/A,7912080000,22000000,0,88000000,63.1191,11.2926,18.4525,24.5772,
300482.SZ,万孚生物,2016-02-26,44.9599,45.5149,46.255,43.2047,44.7998,847715,76379412.6,-0.16,-0.3559,90.1003,3.8532,1970980000,N/A,7883920000,22000000,0,88000000,62.8945,11.2524,18.3869,24.4898,
300482.SZ,万孚生物,2016-02-29,44.7998,44.7548,44.8448,41.0044,41.7495,981169,81942116.3,-3.0503,-6.8088,83.5148,4.4599,1836780000,N/A,7347120000,22000000,0,88000000,58.6121,10.4863,17.1349,22.8223,
300482.SZ,万孚生物,2016-03-01,41.7495,41.5095,42.6046,37.8341,41.6545,1478448,120694937.4,-0.095,-0.2276,81.6362,6.7202,1832600000,N/A,7330400000,22000000,0,88000000,58.4787,10.4624,17.096,22.7704,
300482.SZ,万孚生物,2016-03-02,41.6545,41.4295,43.6047,40.7994,43.3747,1066769,90133581.3,1.7202,4.1297,84.4921,4.8489,1908280000,N/A,7633120000,22000000,0,88000000,60.8937,10.8945,17.802,23.7107,
300482.SZ,万孚生物,2016-03-03,43.3747,43.3547,44.4448,42.5546,42.6096,898721,78287558.4,-0.7651,-1.7639,87.11,4.0851,1874620000,N/A,7498480000,22000000,0,88000000,59.8196,10.7023,17.4879,23.2925,
300482.SZ,万孚生物,2016-03-04,42.6096,42.3546,42.6996,39.0442,40.2043,1057613,86020512.9,-2.4053,-5.6449,81.3346,4.8073,1768800000,N/A,7075200000,22000000,0,88000000,56.4429,10.0982,16.5008,21.9776,
300482.SZ,万孚生物,2016-03-07,40.2043,41.1044,42.8946,40.2143,41.6895,965834,80868402,1.4852,3.694,83.7291,4.3902,1834140000,N/A,7336560000,22000000,0,88000000,58.5279,10.4712,17.1103,22.7895,
300482.SZ,万孚生物,2016-03-08,41.6895,41.2545,42.4146,39.0442,42.1046,869759,71244824.4,0.415,0.9956,81.9133,3.9535,1852400000,N/A,7409600000,22000000,0,88000000,59.1106,10.5754,17.2807,23.0164,
300482.SZ,万孚生物,2016-03-09,42.1046,40.9094,42.2996,40.5044,40.7644,675930,55749734.4,-1.3401,-3.1829,82.4786,3.0724,1793440000,N/A,7173760000,22000000,0,88000000,57.2291,10.2388,16.7306,22.2838,
300482.SZ,万孚生物,2016-03-10,40.7644,40.8544,41.4395,40.1593,40.4044,603686,49248847.8,-0.36,-0.8832,81.5802,2.744,1777600000,N/A,7110400000,22000000,0,88000000,56.7237,10.1484,16.5829,22.087,
300482.SZ,万孚生物,2016-03-11,40.4044,40.3044,42.2246,39.8843,41.6995,792420,65316034.5,1.2951,3.2054,82.426,3.6019,1834580000,N/A,7338320000,22000000,0,88000000,58.5419,10.4737,17.1144,22.795,
300482.SZ,万孚生物,2016-03-14,41.6995,42.9896,45.3049,42.5046,44.3298,1283405,113551787.9,2.6303,6.3077,88.477,5.8337,1950300000,N/A,7801200000,22000000,0,88000000,62.2346,11.1344,18.194,24.2328,
300482.SZ,万孚生物,2016-03-15,44.3298,44.0098,44.5548,43.2547,43.3897,835342,73345033.3,-0.9401,-2.1207,87.8024,3.797,1908940000,N/A,7635760000,22000000,0,88000000,60.9148,10.8982,17.8081,23.7189,
300482.SZ,万孚生物,2016-03-16,43.3897,44.0048,44.1298,42.2296,42.4896,752812,64792511.8,-0.9001,-2.0744,86.0673,3.4219,1869340000,N/A,7477360000,22000000,0,88000000,59.6511,10.6722,17.4387,23.2269,
300482.SZ,万孚生物,2016-03-17,42.4896,42.5796,45.3549,42.5046,44.7148,1244984,109835240.5,2.2252,5.2371,88.2222,5.659,1967240000,N/A,7868960000,22000000,0,88000000,62.7751,11.2311,18.352,24.4433,
300482.SZ,万孚生物,2016-03-18,44.7148,44.5798,47.0951,44.5798,46.8101,1419044,131053355.8,2.0952,4.6858,92.3533,6.4502,2059420000,N/A,8237680000,22000000,0,88000000,65.7166,11.7573,19.2119,25.5886,
300482.SZ,万孚生物,2016-03-21,46.8101,47.9052,48.3552,46.7,47.6051,1280696,121899268.3,0.7951,1.6985,95.182,5.8213,2094400000,N/A,8377600000,22000000,0,88000000,66.8328,11.957,19.5382,26.0233,
300482.SZ,万孚生物,2016-03-22,47.6051,47.4501,48.3552,47.0101,47.8052,1055044,100931719.8,0.2,0.4202,95.6659,4.7957,2103200000,N/A,8412800000,22000000,0,88000000,67.1137,12.0073,19.6203,26.1326,
300482.SZ,万孚生物,2016-03-23,47.8052,47.7002,48.5052,47.2801,48.5002,1042737,99810353.1,0.6951,1.454,95.7196,4.7397,2133780000,N/A,8535120000,22000000,0,88000000,68.0895,12.1819,19.9056,26.5126,
300482.SZ,万孚生物,2016-03-24,48.5002,48.0552,50.6305,47.6602,49.1953,1815606,178992594.8,0.6951,1.4331,98.5856,8.2528,2164360000,N/A,8657440000,22000000,0,88000000,69.0653,12.3564,20.1909,26.8925,
300482.SZ,万孚生物,2016-03-25,49.1953,48.7853,49.7554,47.6552,49.2103,1105056,107463648.1,0.015,0.0305,97.2472,5.023,2165020000,N/A,8660080000,22000000,0,88000000,69.0863,12.3602,20.197,26.9007,
300482.SZ,万孚生物,2016-03-28,49.2103,49.1053,49.4954,47.6652,47.7552,1186981,115812896.9,-1.4552,-2.957,97.5693,5.3954,2101000000,N/A,8404000000,22000000,0,88000000,67.0435,11.9947,19.5998,26.1053,
300482.SZ,万孚生物,2016-03-29,47.7552,47.7602,47.8302,44.9249,45.1649,1149365,105160200.1,-2.5903,-5.4241,91.4942,5.2244,1987040000,N/A,7948160000,22000000,0,88000000,63.407,11.3441,18.5367,24.6893,
300482.SZ,万孚生物,2016-03-30,45.1649,45.7449,48.4552,45.1849,48.4552,1063628,99864593.2,3.2904,7.2852,93.8905,4.8347,2131800000,N/A,8527200000,22000000,0,88000000,68.0263,12.1706,19.8871,26.488,
300482.SZ,万孚生物,2016-03-31,48.4552,48.5052,50.2504,48.4952,48.7603,1462034,144471915.6,0.305,0.6295,98.8157,6.6456,2145220000,N/A,8580880000,22000000,0,88000000,68.4545,12.2472,20.0123,26.6547,
300482.SZ,万孚生物,2016-04-01,48.7603,48.4802,50.5005,48.0102,50.5005,1569171,155359415.5,1.7402,3.5689,99.0073,7.1326,2221780000,N/A,8887120000,22000000,0,88000000,70.8976,12.6843,20.7265,27.606,
300482.SZ,万孚生物,2016-04-05,50.5005,50.5555,52.4607,50.5555,52.2056,1589685,164776920,1.7052,3.3766,103.6538,7.2258,2296800000,N/A,9187200000,22000000,0,88000000,73.2915,13.1125,21.4264,28.5381,
300482.SZ,万孚生物,2016-04-06,52.2056,51.5056,52.6207,51.0055,52.4457,1369122,142039434.9,0.24,0.4598,103.7449,6.2233,2307360000,N/A,9229440000,22000000,0,88000000,73.6285,13.1728,21.5249,28.6693,
300482.SZ,万孚生物,2016-04-07,52.4457,52.8457,52.8457,50.6505,50.6605,1331885,136444899.5,-1.7852,-3.4039,102.445,6.054,2228820000,N/A,8915280000,22000000,0,88000000,71.1222,12.7244,20.7922,27.6935,
300482.SZ,万孚生物,2016-04-08,50.6605,49.8554,50.4955,49.0453,49.4803,961490,95495211.6,-1.1801,-2.3295,99.32,4.3704,2176900000,N/A,8707600000,22000000,0,88000000,69.4654,12.428,20.3079,27.0483,
300482.SZ,万孚生物,2016-04-11,49.4803,49.9554,51.4906,49.9554,51.4056,1165655,118665748.8,1.9252,3.8909,101.8018,5.2984,2261600000,N/A,9046400000,22000000,0,88000000,72.1682,12.9116,21.098,28.1008,
300482.SZ,万孚生物,2016-04-12,51.4056,51.6706,51.7056,48.5052,49.1553,1213458,121217028,-2.2502,-4.3774,99.8939,5.5157,2162600000,N/A,8650400000,22000000,0,88000000,69.0091,12.3464,20.1745,26.8707,
300482.SZ,万孚生物,2016-04-13,49.1553,49.1003,51.4856,49.1003,50.3904,1061424,107682362.9,1.2351,2.5127,101.4508,4.8247,2216940000,N/A,8867760000,22000000,0,88000000,70.7431,12.6566,20.6814,27.5459,
300482.SZ,万孚生物,2016-04-14,50.3904,50.5255,51.3506,50.5105,51.1805,958777,97598751.1,0.7901,1.5679,101.795,4.3581,2251700000,N/A,9006800000,22000000,0,88000000,71.8523,12.8551,21.0057,27.9778,
300482.SZ,万孚生物,2016-04-15,51.1805,51.1805,51.2505,50.2554,50.9055,789939,80113539.1,-0.275,-0.5374,101.4174,3.5906,2239600000,N/A,8958400000,22000000,0,88000000,71.4662,12.786,20.8928,27.8274,
300482.SZ,万孚生物,2016-04-18,50.9055,50.2704,50.7905,49.2953,49.7004,615670,61228370.7,-1.2051,-2.3674,99.45,2.7985,2186580000,N/A,8746320000,22000000,0,88000000,69.7743,12.4833,20.3982,27.1686,
300482.SZ,万孚生物,2016-04-19,49.7004,49.9604,50.2554,49.5154,49.8054,689310,68625282.2,0.105,0.2113,99.5565,3.1332,2191200000,N/A,8764800000,22000000,0,88000000,69.9218,12.5097,20.4413,27.226,
300482.SZ,万孚生物,2016-04-20,49.8054,50.0204,50.0854,45.0049,46.005,1226361,115793752.9,-3.8004,-7.6305,94.4206,5.5744,2024000000,N/A,8096000000,22000000,0,88000000,64.5864,11.5551,18.8815,25.1485,
300482.SZ,万孚生物,2016-04-21,46.005,45.915,46.9051,44.7748,44.9299,761127,69857646.3,-1.0751,-2.337,91.7819,3.4597,1976700000,N/A,7906800000,22000000,0,88000000,63.077,11.2851,18.4402,24.5608,
300482.SZ,万孚生物,2016-04-22,44.9299,44.5498,46.05,44.5498,45.955,552882,50482184.8,1.0251,2.2816,91.3073,2.5131,2021800000,N/A,8087200000,22000000,0,88000000,64.5162,11.5426,18.861,25.1212,
300482.SZ,万孚生物,2016-04-25,45.955,45.4899,45.89,44.5798,45.2449,603215,54420911.6,-0.7101,-1.5452,90.2181,2.7419,1990560000,N/A,7962240000,22000000,0,88000000,63.5193,11.3642,18.5695,24.733,
300482.SZ,万孚生物,2016-04-26,45.2449,45.2049,45.875,45.0149,45.855,470962,42874905.2,0.6101,1.3484,91.0369,2.1407,2017400000,N/A,8069600000,22000000,0,88000000,64.3758,11.5174,18.8199,25.0665,
300482.SZ,万孚生物,2016-04-27,45.855,46.7251,46.7251,45.7549,46.005,511732,47386811.6,0.15,0.3272,92.6008,2.3261,2024000000,N/A,8096000000,22000000,0,88000000,64.5864,11.5551,18.8815,25.1485,
300482.SZ,万孚生物,2016-04-28,46.005,45.81,46.155,44.6548,46.15,520979,47200445.9,0.145,0.3152,90.5995,2.3681,2030380000,N/A,8121520000,22000000,0,88000000,64.7899,11.5915,18.941,25.2278,
300482.SZ,万孚生物,2016-04-29,46.15,45.8,46.385,45.3399,45.4749,482684,44261758.7,-0.6751,-1.4628,91.6992,2.194,2000680000,N/A,8002720000,22000000,0,88000000,63.8422,11.422,18.6639,24.8588,
300482.SZ,万孚生物,2016-05-03,45.4749,45.5049,47.4901,44.8548,47.3051,767773,71283116.8,1.8302,4.0246,92.844,3.4899,2081200000,N/A,8324800000,22000000,0,88000000,66.4116,11.8817,19.4151,25.8593,
300482.SZ,万孚生物,2016-05-04,47.3051,47.0051,48.9053,46.475,48.0352,1148608,110668580.8,0.7301,1.5433,96.3502,5.2209,2113320000,N/A,8453280000,22000000,0,88000000,67.4366,12.0651,19.7147,26.2584,
300482.SZ,万孚生物,2016-05-05,48.0352,47.6201,50.0054,47.5801,50.0004,1245819,122298284.7,1.9652,4.0912,98.167,5.6628,2199780000,N/A,8799120000,22000000,0,88000000,70.1955,12.5587,20.5213,27.3326,
300482.SZ,万孚生物,2016-05-06,50.0004,49.6754,50.4555,47.4451,48.2552,1502390,146616894.4,-1.7452,-3.4903,97.5891,6.829,2123000000,N/A,8492000000,22000000,0,88000000,67.7455,12.1203,19.805,26.3786,
300482.SZ,万孚生物,2016-05-09,48.2552,47.6301,47.6301,46.095,46.7301,823573,77022212.1,-1.5252,-3.1606,93.522,3.7435,2055900000,N/A,8223600000,22000000,0,88000000,65.6043,11.7372,19.1791,25.5449,
300482.SZ,万孚生物,2016-05-10,46.7301,47.3051,48.2002,46.705,46.9701,583607,55225920.2,0.24,0.5136,94.6286,2.6528,2066460000,N/A,8265840000,22000000,0,88000000,65.9413,11.7975,19.2776,25.6761,
300482.SZ,万孚生物,2016-05-11,46.9701,47.1451,47.9452,44.7548,45.5099,814873,74693354.8,-1.4602,-3.1087,91.6626,3.704,2002220000,N/A,8008880000,22000000,0,88000000,63.8914,11.4308,18.6783,24.8779,
300482.SZ,万孚生物,2016-05-12,45.5099,44.5048,45.3299,43.7547,45.1549,530045,47180381.3,-0.355,-0.7801,89.012,2.4093,1986600000,N/A,7946400000,22000000,0,88000000,63.3929,11.3416,18.5326,24.6838,
300482.SZ,万孚生物,2016-05-13,45.1549,44.9499,45.6899,44.7948,45.4899,434618,39392471.8,0.335,0.742,90.637,1.9755,2001340000,N/A,8005360000,22000000,0,88000000,63.8633,11.4258,18.6701,24.867,
300482.SZ,万孚生物,2016-05-16,45.4899,45.3049,46.495,44.7598,46.28,742390,67966981.4,0.7901,1.7368,91.5516,3.3745,2036100000,N/A,8144400000,22000000,0,88000000,64.9725,11.6242,18.9944,25.2989,
300482.SZ,万孚生物,2016-05-17,46.28,46.24,46.57,44.76,45.28,1626876,73980395.7,-1,-2.1608,45.4739,3.6974,1992320000,N/A,7969280000,44000000,0,176000000,63.5754,11.3743,18.5859,24.7549,
300482.SZ,万孚生物,2016-05-18,45.28,44.88,44.88,41.18,41.58,1725817,73869150.8,-3.7,-8.1714,42.8024,3.9223,1829520000,N/A,7318080000,44000000,0,176000000,58.3805,10.4448,17.0672,22.7321,
300482.SZ,万孚生物,2016-05-19,41.58,41.8,43.2,41.68,42.05,1395315,59373314.1,0.47,1.1304,42.5519,3.1712,1850200000,N/A,7400800000,44000000,0,176000000,59.0404,10.5629,17.2601,22.989,
300482.SZ,万孚生物,2016-05-20,42.05,41.1,42.59,40.5,42.57,1240967,51429426.4,0.52,1.2366,41.443,2.8204,1873080000,N/A,7492320000,44000000,0,176000000,59.7705,10.6935,17.4736,23.2733,
300482.SZ,万孚生物,2016-05-23,42.57,42.7,44.45,42.23,44.09,1508773,66018728.6,1.52,3.5706,43.7566,3.429,1939960000,N/A,7759840000,44000000,0,176000000,61.9046,11.0753,18.0975,24.1043,
300482.SZ,万孚生物,2016-05-24,44.09,43.78,43.97,42.46,42.75,1009163,43448600.3,-1.34,-3.0392,43.0541,2.2936,1881000000,N/A,7524000000,44000000,0,176000000,60.0232,10.7387,17.5475,23.3717,
300482.SZ,万孚生物,2016-05-25,42.75,43.25,44.17,42.62,42.78,1018986,44333287,0.03,0.0702,43.5073,2.3159,1882320000,N/A,7529280000,44000000,0,176000000,60.0653,10.7463,17.5598,23.3881,
300482.SZ,万孚生物,2016-05-26,42.78,42.95,45.96,42.8,45.18,2995657,133555584.8,2.4,5.6101,44.5831,6.8083,1987920000,N/A,7951680000,44000000,0,176000000,63.435,11.3491,18.5449,24.7002,
300482.SZ,万孚生物,2016-05-27,45.18,44.89,44.99,44.1,44.38,1562869,69561963.5,-0.8,-1.7707,44.5091,3.552,1952720000,N/A,7810880000,44000000,0,176000000,62.3118,11.1482,18.2165,24.2629,
300482.SZ,万孚生物,2016-05-30,44.38,44,44.4,43,43.83,1145449,50046563.7,-0.55,-1.2393,43.6917,2.6033,1928520000,N/A,7714080000,44000000,0,176000000,61.5396,11.01,17.9908,23.9622,
300482.SZ,万孚生物,2016-05-31,43.83,44.04,46.88,44.04,46.42,2267513,103611748.5,2.59,5.9092,45.694,5.1534,2042480000,N/A,8169920000,44000000,0,176000000,65.1761,11.6606,19.0539,25.3782,
300482.SZ,万孚生物,2016-06-01,46.42,46.42,48.08,46.07,46.85,2073517,98124665.5,0.43,0.9263,47.3228,4.7125,2061400000,N/A,8245600000,44000000,0,176000000,65.7798,11.7686,19.2304,25.6132,
300482.SZ,万孚生物,2016-06-02,46.85,46.41,47.66,46.3,47.3,1684256,79230133.4,0.45,0.9605,47.0416,3.8279,2081200000,N/A,8324800000,44000000,0,176000000,66.4116,11.8817,19.4151,25.8593,
300482.SZ,万孚生物,2016-06-03,47.3,47.99,48.31,46.88,47.86,2138767,102042941.8,0.56,1.1839,47.7111,4.8608,2105840000,N/A,8423360000,44000000,0,176000000,67.1979,12.0223,19.645,26.1654,
300482.SZ,万孚生物,2016-06-06,47.86,48,48.8,46.71,47.24,1596135,76241649.7,-0.62,-1.2954,47.7664,3.6276,2078560000,N/A,8314240000,44000000,0,176000000,66.3274,11.8666,19.3905,25.8265,
300482.SZ,万孚生物,2016-06-07,47.24,46.8,48.28,46.32,48.28,1573422,74305507.8,1.04,2.2015,47.2254,3.576,2124320000,N/A,8497280000,44000000,0,176000000,67.7876,12.1278,19.8174,26.395,
300482.SZ,万孚生物,2016-06-08,48.28,47.9,47.99,46.85,47.16,1084195,51286832.6,-1.12,-2.3198,47.3041,2.4641,2075040000,N/A,8300160000,44000000,0,176000000,66.2151,11.8465,19.3576,25.7827,
